Horizon_ms,TotalTrades,TotalPnL,Sharpe
500,556,238.80999999993946,2.776927642180259
1000,987,-170.1549999990384,-1.3487770018576823
100,157,6.454999999812571,0.27793596546282745
